[{"model": "auth.user", "pk": 1, "fields": {"password": "pbkdf2_sha256$36000$AGvSW4fMClJt$lL0DfC1AmPRxFwL4jkN2p/6DDfwxON6+3zfBWhPcCf4=", "last_login": "2018-04-12T10:35:07.507Z", "is_superuser": true, "username": "adarsh", "first_name": "adarsh", "last_name": "patel", "email": "asp@gmail.com", "is_staff": true, "is_active": true, "date_joined": "2018-04-05T08:41:40.235Z", "groups": [], "user_permissions": []}}, {"model": "auth.user", "pk": 3, "fields": {"password": "pbkdf2_sha256$36000$nCKLtRxqCxbX$G3kTG6GumpixXPQ21uWiOzLfccsRGDd9clvJ11hgGcc=", "last_login": "2018-04-12T10:28:51.123Z", "is_superuser": false, "username": "a", "first_name": "adarsh", "last_name": "patel", "email": "adarsh.patel@drcsystem.com", "is_staff": false, "is_active": true, "date_joined": "2018-04-06T08:23:55.655Z", "groups": [], "user_permissions": []}}, {"model": "auth.user", "pk": 4, "fields": {"password": "pbkdf2_sha256$36000$plm5baOt0dWW$VGO4Lu59fePKYNl6t2uxHYzQJuljGyMN2VCSmUx2ri0=", "last_login": "2018-04-06T12:09:41.338Z", "is_superuser": false, "username": "ad", "first_name": "", "last_name": "", "email": "asd@gmail.com", "is_staff": false, "is_active": true, "date_joined": "2018-04-06T12:09:41.262Z", "groups": [], "user_permissions": []}}, {"model": "auth.user", "pk": 5, "fields": {"password": "pbkdf2_sha256$36000$eu3LKziJjWpj$TUH7tLcf3KbC2aax5LQpJjLVel/RjaQel9Y73jFLe0c=", "last_login": "2018-04-09T13:05:55.210Z", "is_superuser": false, "username": "raj", "first_name": "", "last_name": "", "email": "srfaskf@jfa.com", "is_staff": false, "is_active": true, "date_joined": "2018-04-09T12:41:08.088Z", "groups": [], "user_permissions": []}}, {"model": "auth.user", "pk": 6, "fields": {"password": "pbkdf2_sha256$36000$wLETXZOhDyJn$IDt37QW1duf9WIl1y1HhrLqJ4wNcpYMIG9ra/QFrvzw=", "last_login": "2018-04-11T06:30:03.900Z", "is_superuser": false, "username": "ada", "first_name": "", "last_name": "", "email": "", "is_staff": false, "is_active": true, "date_joined": "2018-04-11T06:30:03.806Z", "groups": [], "user_permissions": []}}, {"model": "auth.user", "pk": 7, "fields": {"password": "pbkdf2_sha256$36000$kJdPmCQCXlp5$2RgEHZU+jVsF8ceEpZqVIZ6lPE3lHVyOzZlDxtCASrA=", "last_login": "2018-04-12T10:32:36.547Z", "is_superuser": false, "username": "jamilnoyda", "first_name": "", "last_name": "", "email": "jamilnoyda@gmail.com", "is_staff": false, "is_active": true, "date_joined": "2018-04-12T10:32:36.505Z", "groups": [], "user_permissions": []}}, {"model": "sessions.session", "pk": "17ho6v5ocjyvkuxo83bsa2plpuc1lxdr", "fields": {"session_data": "YzkyOTJhM2ZkZDQzMDk1NGVmZjM3OWIxMTg0NjdiNDM2MWRhYjk0NDp7Il9hdXRoX3VzZXJfaWQiOiIxIiwiX2F1dGhfdXNlcl9iYWNrZW5kIjoiZGphbmdvLmNvbnRyaWIuYXV0aC5iYWNrZW5kcy5Nb2RlbEJhY2tlbmQiLCJfYXV0aF91c2VyX2hhc2giOiJjMTFkZGVmYmZlMTE0MDQ5NWQxMGM3YjM3ZWIwYTVhZmY2MjU0NzBlIn0=", "expire_date": "2018-04-26T10:35:07.511Z"}}, {"model": "sessions.session", "pk": "4vlh2vmmre64ualysin5tit3j2h85ura", "fields": {"session_data": "MGZkYjc4NjcyOWFhOTE0NzUzNGVmYzdmOTJlMDdiZGUwODE2NmI5ZDp7Il9hdXRoX3VzZXJfaWQiOiI1IiwiX2F1dGhfdXNlcl9iYWNrZW5kIjoiZGphbmdvLmNvbnRyaWIuYXV0aC5iYWNrZW5kcy5Nb2RlbEJhY2tlbmQiLCJfYXV0aF91c2VyX2hhc2giOiI2NzgwN2JjNDNjYmRlMTAxYzViNDFjOTVhNjNkZTY5ZTlmZGNhYmU3In0=", "expire_date": "2018-04-23T12:41:08.191Z"}}, {"model": "sessions.session", "pk": "5mb8palkzxcd1dm6fj1vqtgy6rlks8oi", "fields": {"session_data": "YzkyOTJhM2ZkZDQzMDk1NGVmZjM3OWIxMTg0NjdiNDM2MWRhYjk0NDp7Il9hdXRoX3VzZXJfaWQiOiIxIiwiX2F1dGhfdXNlcl9iYWNrZW5kIjoiZGphbmdvLmNvbnRyaWIuYXV0aC5iYWNrZW5kcy5Nb2RlbEJhY2tlbmQiLCJfYXV0aF91c2VyX2hhc2giOiJjMTFkZGVmYmZlMTE0MDQ5NWQxMGM3YjM3ZWIwYTVhZmY2MjU0NzBlIn0=", "expire_date": "2018-04-23T12:41:53.193Z"}}, {"model": "sessions.session", "pk": "glfpe0wgdvjrvyy5fh1iwuqr79ngx308", "fields": {"session_data": "NWY2M2UzMDUzMjBkMmU1MTk5NDBjZjY4MWEyOGY4YWM4NzUwOWE5ZDp7Il9hdXRoX3VzZXJfaWQiOiIzIiwiX2F1dGhfdXNlcl9iYWNrZW5kIjoiZGphbmdvLmNvbnRyaWIuYXV0aC5iYWNrZW5kcy5Nb2RlbEJhY2tlbmQiLCJfYXV0aF91c2VyX2hhc2giOiI2YTRiOGI5NzlkMTAyYzY3YzU3ZjM5NzJkMWVhYmEzNGYwNTVkOGJiIn0=", "expire_date": "2018-04-24T04:36:29.443Z"}}, {"model": "sessions.session", "pk": "s5d7gikd706g1m5mi0tniaguj8yy3jnw", "fields": {"session_data": "NWY2M2UzMDUzMjBkMmU1MTk5NDBjZjY4MWEyOGY4YWM4NzUwOWE5ZDp7Il9hdXRoX3VzZXJfaWQiOiIzIiwiX2F1dGhfdXNlcl9iYWNrZW5kIjoiZGphbmdvLmNvbnRyaWIuYXV0aC5iYWNrZW5kcy5Nb2RlbEJhY2tlbmQiLCJfYXV0aF91c2VyX2hhc2giOiI2YTRiOGI5NzlkMTAyYzY3YzU3ZjM5NzJkMWVhYmEzNGYwNTVkOGJiIn0=", "expire_date": "2018-04-23T12:56:11.464Z"}}, {"model": "boards.board", "pk": 1, "fields": {"name": "Django", "description": "Django discussion board."}}, {"model": "boards.board", "pk": 2, "fields": {"name": "Python", "description": "General discussion about Python."}}, {"model": "boards.board", "pk": 3, "fields": {"name": "Random", "description": "Here you can discuss anything"}}, {"model": "boards.topic", "pk": 1, "fields": {"subject": "", "last_updated": "2018-04-05T11:06:05.106Z", "board": 1, "starter": 1, "views": 0}}, {"model": "boards.topic", "pk": 8, "fields": {"subject": "a", "last_updated": "2018-04-05T12:04:44.315Z", "board": 1, "starter": 1, "views": 1}}, {"model": "boards.topic", "pk": 17, "fields": {"subject": "dfg", "last_updated": "2018-04-09T06:18:03.463Z", "board": 1, "starter": 3, "views": 2}}, {"model": "boards.topic", "pk": 20, "fields": {"subject": "kop", "last_updated": "2018-04-09T09:03:29.944Z", "board": 1, "starter": 3, "views": 3}}, {"model": "boards.topic", "pk": 21, "fields": {"subject": "dsfgsd", "last_updated": "2018-04-09T09:34:43.680Z", "board": 1, "starter": 1, "views": 4}}, {"model": "boards.topic", "pk": 22, "fields": {"subject": "fdg", "last_updated": "2018-04-09T10:01:10.727Z", "board": 1, "starter": 3, "views": 1}}, {"model": "boards.topic", "pk": 24, "fields": {"subject": "hoodybaba", "last_updated": "2018-04-10T12:43:18.915Z", "board": 1, "starter": 5, "views": 19}}, {"model": "boards.topic", "pk": 25, "fields": {"subject": "fd", "last_updated": "2018-04-10T12:44:14.539Z", "board": 1, "starter": 3, "views": 1}}, {"model": "boards.topic", "pk": 26, "fields": {"subject": "hii", "last_updated": "2018-04-12T07:59:10.638Z", "board": 1, "starter": 1, "views": 3}}, {"model": "boards.topic", "pk": 27, "fields": {"subject": "lkl;kl;", "last_updated": "2018-04-12T10:29:26.563Z", "board": 1, "starter": 3, "views": 4}}, {"model": "boards.topic", "pk": 28, "fields": {"subject": "numpy", "last_updated": "2018-04-12T10:30:40.667Z", "board": 2, "starter": 3, "views": 1}}, {"model": "boards.topic", "pk": 29, "fields": {"subject": "kfdsklFKJDLKSF", "last_updated": "2018-04-12T10:33:08.837Z", "board": 1, "starter": 7, "views": 1}}, {"model": "boards.post", "pk": 1, "fields": {"message": "", "topic": 1, "created_at": "2018-04-05T11:06:05.113Z", "updated_at": null, "created_by": 1, "updated_by": null}}, {"model": "boards.post", "pk": 7, "fields": {"message": "a", "topic": 8, "created_at": "2018-04-05T12:04:44.320Z", "updated_at": null, "created_by": 1, "updated_by": null}}, {"model": "boards.post", "pk": 15, "fields": {"message": "dfgd", "topic": 17, "created_at": "2018-04-09T06:18:03.480Z", "updated_at": null, "created_by": 3, "updated_by": null}}, {"model": "boards.post", "pk": 23, "fields": {"message": "opip", "topic": 20, "created_at": "2018-04-09T09:03:29.950Z", "updated_at": null, "created_by": 3, "updated_by": null}}, {"model": "boards.post", "pk": 24, "fields": {"message": "op", "topic": 20, "created_at": "2018-04-09T09:03:39.797Z", "updated_at": null, "created_by": 3, "updated_by": null}}, {"model": "boards.post", "pk": 25, "fields": {"message": "sdgsdg", "topic": 21, "created_at": "2018-04-09T09:34:43.692Z", "updated_at": null, "created_by": 1, "updated_by": null}}, {"model": "boards.post", "pk": 26, "fields": {"message": "gddfg", "topic": 21, "created_at": "2018-04-09T09:34:56.248Z", "updated_at": null, "created_by": 1, "updated_by": null}}, {"model": "boards.post", "pk": 27, "fields": {"message": "sdas", "topic": 21, "created_at": "2018-04-09T09:35:29.072Z", "updated_at": null, "created_by": 3, "updated_by": null}}, {"model": "boards.post", "pk": 28, "fields": {"message": "fghfgh", "topic": 21, "created_at": "2018-04-09T09:35:40.956Z", "updated_at": null, "created_by": 3, "updated_by": null}}, {"model": "boards.post", "pk": 29, "fields": {"message": "FGHFGH", "topic": 20, "created_at": "2018-04-09T09:51:08.586Z", "updated_at": null, "created_by": 3, "updated_by": null}}, {"model": "boards.post", "pk": 30, "fields": {"message": "dfgdf", "topic": 22, "created_at": "2018-04-09T10:01:10.742Z", "updated_at": null, "created_by": 3, "updated_by": null}}, {"model": "boards.post", "pk": 32, "fields": {"message": "dqfhjfkhhklehsd", "topic": 24, "created_at": "2018-04-09T12:41:26.541Z", "updated_at": null, "created_by": 5, "updated_by": null}}, {"model": "boards.post", "pk": 33, "fields": {"message": "gdfgdf", "topic": 24, "created_at": "2018-04-09T12:42:02.014Z", "updated_at": null, "created_by": 1, "updated_by": null}}, {"model": "boards.post", "pk": 34, "fields": {"message": "hello", "topic": 24, "created_at": "2018-04-09T12:42:15.813Z", "updated_at": null, "created_by": 5, "updated_by": null}}, {"model": "boards.post", "pk": 35, "fields": {"message": "hi.....................sdfgsdg", "topic": 24, "created_at": "2018-04-10T04:42:50.211Z", "updated_at": "2018-04-10T12:43:02.880Z", "created_by": 3, "updated_by": 3}}, {"model": "boards.post", "pk": 36, "fields": {"message": "sdgf", "topic": 24, "created_at": "2018-04-10T12:43:18.911Z", "updated_at": null, "created_by": 3, "updated_by": null}}, {"model": "boards.post", "pk": 37, "fields": {"message": "fsdf", "topic": 25, "created_at": "2018-04-10T12:44:14.551Z", "updated_at": null, "created_by": 3, "updated_by": null}}, {"model": "boards.post", "pk": 38, "fields": {"message": "dfgdfg", "topic": 26, "created_at": "2018-04-12T07:59:00.475Z", "updated_at": null, "created_by": 1, "updated_by": null}}, {"model": "boards.post", "pk": 39, "fields": {"message": "ftger", "topic": 26, "created_at": "2018-04-12T07:59:10.633Z", "updated_at": "2018-04-12T07:59:16.613Z", "created_by": 1, "updated_by": 1}}, {"model": "boards.post", "pk": 40, "fields": {"message": "kjkjk", "topic": 27, "created_at": "2018-04-12T10:29:11.743Z", "updated_at": null, "created_by": 3, "updated_by": null}}, {"model": "boards.post", "pk": 41, "fields": {"message": "ljklljkj,", "topic": 27, "created_at": "2018-04-12T10:29:26.551Z", "updated_at": "2018-04-12T10:29:43.723Z", "created_by": 3, "updated_by": 3}}, {"model": "boards.post", "pk": 42, "fields": {"message": "what's use", "topic": 28, "created_at": "2018-04-12T10:30:40.679Z", "updated_at": null, "created_by": 3, "updated_by": null}}, {"model": "boards.post", "pk": 43, "fields": {"message": "K", "topic": 29, "created_at": "2018-04-12T10:33:08.844Z", "updated_at": null, "created_by": 7, "updated_by": null}}, {"model": "admin.logentry", "pk": 1, "fields": {"action_time": "2018-04-05T08:46:00.814Z", "user": 1, "content_type": 9, "object_id": "3", "object_repr": "Random", "action_flag": 1, "change_message": "[{\"added\": {}}]"}}, {"model": "admin.logentry", "pk": 2, "fields": {"action_time": "2018-04-06T08:29:43.157Z", "user": 1, "content_type": 4, "object_id": "2", "object_repr": "adarsh1001", "action_flag": 3, "change_message": ""}}, {"model": "admin.logentry", "pk": 3, "fields": {"action_time": "2018-04-09T09:11:35.950Z", "user": 1, "content_type": 8, "object_id": "19", "object_repr": "dfgh", "action_flag": 3, "change_message": ""}}, {"model": "admin.logentry", "pk": 4, "fields": {"action_time": "2018-04-09T09:11:35.955Z", "user": 1, "content_type": 8, "object_id": "18", "object_repr": "dfgh", "action_flag": 3, "change_message": ""}}, {"model": "admin.logentry", "pk": 5, "fields": {"action_time": "2018-04-09T09:11:35.957Z", "user": 1, "content_type": 8, "object_id": "16", "object_repr": "fgsdg", "action_flag": 3, "change_message": ""}}, {"model": "admin.logentry", "pk": 6, "fields": {"action_time": "2018-04-09T09:11:35.959Z", "user": 1, "content_type": 8, "object_id": "15", "object_repr": "fgsdg", "action_flag": 3, "change_message": ""}}, {"model": "admin.logentry", "pk": 7, "fields": {"action_time": "2018-04-09T09:11:35.961Z", "user": 1, "content_type": 8, "object_id": "14", "object_repr": "sad", "action_flag": 3, "change_message": ""}}, {"model": "admin.logentry", "pk": 8, "fields": {"action_time": "2018-04-09T09:11:35.963Z", "user": 1, "content_type": 8, "object_id": "13", "object_repr": "dfs", "action_flag": 3, "change_message": ""}}, {"model": "admin.logentry", "pk": 9, "fields": {"action_time": "2018-04-09T09:11:35.965Z", "user": 1, "content_type": 8, "object_id": "12", "object_repr": "hjg", "action_flag": 3, "change_message": ""}}, {"model": "admin.logentry", "pk": 10, "fields": {"action_time": "2018-04-09T09:11:35.966Z", "user": 1, "content_type": 8, "object_id": "11", "object_repr": "nmjn", "action_flag": 3, "change_message": ""}}, {"model": "admin.logentry", "pk": 11, "fields": {"action_time": "2018-04-09T09:11:35.967Z", "user": 1, "content_type": 8, "object_id": "10", "object_repr": "fgd", "action_flag": 3, "change_message": ""}}, {"model": "admin.logentry", "pk": 12, "fields": {"action_time": "2018-04-09T09:11:35.969Z", "user": 1, "content_type": 8, "object_id": "9", "object_repr": "a", "action_flag": 3, "change_message": ""}}, {"model": "admin.logentry", "pk": 13, "fields": {"action_time": "2018-04-09T09:11:35.971Z", "user": 1, "content_type": 8, "object_id": "6", "object_repr": "", "action_flag": 3, "change_message": ""}}, {"model": "admin.logentry", "pk": 14, "fields": {"action_time": "2018-04-09T09:11:35.972Z", "user": 1, "content_type": 8, "object_id": "5", "object_repr": "", "action_flag": 3, "change_message": ""}}, {"model": "admin.logentry", "pk": 15, "fields": {"action_time": "2018-04-09T09:11:35.974Z", "user": 1, "content_type": 8, "object_id": "4", "object_repr": "", "action_flag": 3, "change_message": ""}}, {"model": "admin.logentry", "pk": 16, "fields": {"action_time": "2018-04-09T09:11:35.977Z", "user": 1, "content_type": 8, "object_id": "3", "object_repr": "", "action_flag": 3, "change_message": ""}}, {"model": "admin.logentry", "pk": 17, "fields": {"action_time": "2018-04-09T09:11:35.980Z", "user": 1, "content_type": 8, "object_id": "2", "object_repr": "", "action_flag": 3, "change_message": ""}}, {"model": "admin.logentry", "pk": 18, "fields": {"action_time": "2018-04-09T11:37:39.487Z", "user": 1, "content_type": 8, "object_id": "23", "object_repr": "dfg", "action_flag": 3, "change_message": ""}}]